,Player,Team,POS,RUSH_ATT,RUSH_YD,RUSH_TD,REC,REC_YD,REC_TD,FL,PASS_ATT,CMP,PASS_YD,PASS_TD,INTS
1,Christian McCaffrey,SF,RB,221.4,"1,016.7",7.6,74.6,638.5,4.2,0.5,0.0,0.0,0,0.0,0.0
2,Austin Ekeler,LAC,RB,193.2,876.6,9.7,77.9,617.6,4.1,1.5,0.0,0.0,0,0.0,0.0
3,Nick Chubb,CLE,RB,281.4,"1,414.2",9.4,28.9,241.6,1.1,1.2,0.0,0.0,0,0.0,0.0
4,Derrick Henry,TEN,RB,315.0,"1,388.6",9.7,32.1,274.4,0.9,1.8,0.0,0.0,0,0.0,0.0
5,Tony Pollard,DAL,RB,227.8,"1,138.0",8.7,46.1,388.6,2.5,0.5,0.0,0.0,0,0.0,0.0
6,Josh Jacobs,LV,RB,266.3,"1,242.2",10.0,39.0,291.2,0.8,1.2,0.0,0.0,0,0.0,0.0
7,Bijan Robinson,ATL,RB,250.0,"1,192.3",9.0,40.6,339.9,2.1,2.0,0.0,0.0,0,0.0,0.0
8,Saquon Barkley,NYG,RB,256.7,"1,150.8",8.1,53.3,384.7,1.8,0.7,0.0,0.0,0,0.0,0.0
9,Joe Mixon,CIN,RB,230.1,962.7,7.5,49.6,367.6,2.1,0.6,0.0,0.0,0,0.0,0.0
10,Aaron Jones,GB,RB,201.5,"1,002.1",5.7,50.0,377.6,2.7,1.3,0.0,0.0,0,0.0,0.0
11,Najee Harris,PIT,RB,256.9,"1,019.5",6.6,38.2,262.3,2.2,1.0,0.0,0.0,0,0.0,0.0
12,Travis Etienne Jr.,JAC,RB,219.0,"1,085.8",6.5,36.2,293.7,0.9,2.6,0.0,0.0,0,0.0,0.0
13,Rhamondre Stevenson,NE,RB,210.1,966.8,6.0,52.3,373.6,1.4,1.1,0.0,0.0,0,0.0,0.0
14,Kenneth Walker III,SEA,RB,228.9,"1,041.9",8.3,25.9,174.6,0.6,0.4,0.0,0.0,0,0.0,0.0
15,Alexander Mattison,MIN,RB,216.0,932.4,8.1,33.6,232.0,1.6,0.9,0.0,0.0,0,0.0,0.0
16,James Conner,ARI,RB,214.3,917.6,6.9,41.2,304.6,1.2,0.8,0.0,0.0,0,0.0,0.0
17,Dameon Pierce,HOU,RB,261.2,"1,088.1",5.9,32.4,215.4,1.1,2.1,0.0,0.0,0,0.0,0.0
18,Jahmyr Gibbs,DET,RB,179.6,790.0,6.6,44.6,353.2,2.0,1.5,0.0,0.0,0,0.0,0.0
19,J.K. Dobbins,BAL,RB,175.3,919.4,7.1,24.9,177.3,1.7,0.4,0.0,0.0,0,0.0,0.0
20,Miles Sanders,CAR,RB,218.6,"1,017.4",6.1,29.6,209.1,0.8,1.4,0.0,0.0,0,0.0,0.0
21,Breece Hall,NYJ,RB,173.8,828.0,5.6,36.2,328.6,1.9,1.1,0.0,0.0,0,0.0,0.0
22,Isiah Pacheco,KC,RB,196.0,943.2,7.0,24.4,200.4,0.7,1.9,0.0,0.0,0,0.0,0.0
23,Cam Akers,LAR,RB,233.6,985.6,6.4,24.0,199.8,0.6,2.2,0.0,0.0,0,0.0,0.0
24,Rachaad White,TB,RB,204.9,836.7,4.5,48.5,343.6,1.9,2.7,0.0,0.0,0,0.0,0.0
25,Jonathan Taylor,IND,RB,200.8,964.8,6.0,24.8,176.6,0.6,1.7,0.0,0.0,0,0.0,0.0
26,David Montgomery,DET,RB,195.7,785.6,6.4,33.4,278.4,1.2,1.0,0.0,0.0,0,0.0,0.0
27,James Cook,BUF,RB,165.6,841.3,4.9,35.5,271.8,1.8,1.5,0.0,0.0,0,0.0,0.0
28,Javonte Williams,DEN,RB,177.0,821.4,4.9,37.0,260.2,1.6,1.6,0.0,0.0,0,0.0,0.0
29,Alvin Kamara,NO,RB,174.8,719.1,3.6,41.8,370.5,1.8,1.3,0.0,0.0,0,0.0,0.0
30,Khalil Herbert,CHI,RB,173.4,854.3,5.1,21.0,139.7,0.8,0.4,0.0,0.0,0,0.0,0.0
31,AJ Dillon,GB,RB,170.0,749.2,5.9,25.1,198.6,0.7,0.7,0.0,0.0,0,0.0,0.0
32,Dalvin Cook,NYJ,RB,183.3,786.8,4.9,28.1,211.7,1.0,1.6,0.0,0.0,0,0.0,0.0
33,Brian Robinson Jr.,WAS,RB,213.2,900.2,4.4,16.2,105.7,0.8,0.5,0.0,0.0,0,0.0,0.0
34,D'Andre Swift,PHI,RB,118.3,556.0,4.8,40.0,329.6,1.8,0.8,0.0,0.0,0,0.0,0.0
35,Raheem Mostert,MIA,RB,151.4,751.4,4.1,29.5,200.7,1.2,1.0,0.0,0.0,0,0.0,0.0
36,Jamaal Williams,NO,RB,157.7,728.5,5.9,16.6,118.7,0.5,0.9,0.0,0.0,0,0.0,0.0
37,Samaje Perine,DEN,RB,155.9,650.5,4.0,29.0,232.6,1.5,0.4,0.0,0.0,0,0.0,0.0
38,Antonio Gibson,WAS,RB,143.3,575.0,3.8,42.6,311.8,1.4,1.1,0.0,0.0,0,0.0,0.0
39,Rashaad Penny,PHI,RB,150.9,728.3,4.9,8.3,55.3,0.2,0.7,0.0,0.0,0,0.0,0.0
40,Tyler Allgeier,ATL,RB,148.2,689.0,3.4,12.2,92.5,0.5,0.3,0.0,0.0,0,0.0,0.0
41,Elijah Mitchell,SF,RB,140.3,624.4,3.9,12.8,92.4,0.7,0.3,0.0,0.0,0,0.0,0.0
42,Ezekiel Elliott,NE,RB,140.5,558.9,4.4,17.7,125.4,0.5,0.8,0.0,0.0,0,0.0,0.0
43,Zach Charbonnet,SEA,RB,125.7,542.2,3.5,22.3,181.6,0.8,1.0,0.0,0.0,0,0.0,0.0
44,Jaylen Warren,PIT,RB,114.4,509.6,2.9,25.0,208.9,0.5,0.4,0.0,0.0,0,0.0,0.0
45,Damien Harris,BUF,RB,119.3,534.2,3.7,18.2,122.7,0.4,0.7,0.0,0.0,0,0.0,0.0
46,Chuba Hubbard,CAR,RB,112.9,527.3,3.1,17.6,155.2,0.5,0.7,0.0,0.0,0,0.0,0.0
47,D'Onta Foreman,CHI,RB,126.0,622.1,3.2,6.9,50.3,0.2,0.6,0.0,0.0,0,0.0,0.0
48,Kenneth Gainwell,PHI,RB,95.6,417.1,3.9,22.1,169.7,0.7,0.6,0.0,0.0,0,0.0,0.0
49,Devin Singletary,HOU,RB,125.3,521.0,2.7,22.7,162.7,0.4,1.2,0.0,0.0,0,0.0,0.0
50,Jerick McKinnon,KC,RB,60.6,235.7,1.7,37.7,322.2,2.9,0.2,0.0,0.0,0,0.0,0.0
51,De'Von Achane,MIA,RB,109.8,446.4,3.0,20.0,169.0,0.8,0.9,0.0,0.0,0,0.0,0.0
52,Gus Edwards,BAL,RB,117.9,580.1,3.2,6.5,59.6,0.1,1.0,0.0,0.0,0,0.0,0.0
53,Tank Bigsby,JAC,RB,111.5,444.0,2.8,17.9,145.0,0.7,0.9,0.0,0.0,0,0.0,0.0
54,Jeff Wilson Jr.,MIA,RB,107.3,442.2,2.9,14.1,114.1,0.8,0.9,0.0,0.0,0,0.0,0.0
55,Zack Moss,IND,RB,82.4,484.4,2.5,14.8,101.8,0.5,0.8,0.0,0.0,0,0.0,0.0
56,Tyjae Spears,TEN,RB,100.5,396.0,2.0,17.3,144.0,0.7,0.9,0.0,0.0,0,0.0,0.0
57,Kendre Miller,NO,RB,86.0,366.2,2.1,17.5,149.0,0.7,0.9,0.0,0.0,0,0.0,0.0
58,Kyren Williams,LAR,RB,97.3,393.2,1.8,17.3,140.4,0.4,0.6,0.0,0.0,0,0.0,0.0
59,Joshua Kelley,LAC,RB,98.6,396.2,2.3,15.0,122.4,0.3,1.2,0.0,0.0,0,0.0,0.0
60,Cordarrelle Patterson,ATL,RB,70.1,300.8,2.3,20.0,161.1,0.8,0.2,0.0,0.0,0,0.0,0.0
61,Clyde Edwards-Helaire,KC,RB,74.5,322.4,2.2,14.8,125.6,1.0,0.3,0.0,0.0,0,0.0,0.0
62,Chase Edmonds,TB,RB,73.9,329.7,1.6,20.2,159.1,0.8,0.4,0.0,0.0,0,0.0,0.0
63,Jerome Ford,CLE,RB,101.5,380.4,1.9,10.7,103.2,0.5,0.8,0.0,0.0,0,0.0,0.0
64,Ty Chandler,MIN,RB,97.1,346.3,2.1,13.7,116.0,0.6,0.8,0.0,0.0,0,0.0,0.0
65,Deon Jackson,IND,RB,78.1,287.8,1.6,25.8,177.6,1.0,0.8,0.0,0.0,0,0.0,0.0
66,Keaontay Ingram,ARI,RB,84.7,346.8,1.9,15.5,107.7,0.3,0.5,0.0,0.0,0,0.0,0.0
67,Roschon Johnson,CHI,RB,94.9,345.4,1.8,8.9,95.9,0.5,0.7,0.0,0.0,0,0.0,0.0
68,Deuce Vaughn,DAL,RB,73.3,306.1,1.8,14.2,113.4,0.6,0.8,0.0,0.0,0,0.0,0.0
69,Chase Brown,CIN,RB,56.8,238.7,1.4,14.8,124.7,0.5,0.8,0.0,0.0,0,0.0,0.0
70,Latavius Murray,BUF,RB,58.9,281.5,1.6,10.3,71.0,0.2,0.0,0.0,0.0,0,0.0,0.0
71,Evan Hull,IND,RB,69.9,274.5,1.3,8.7,82.8,0.3,0.3,0.0,0.0,0,0.0,0.0
72,Matt Breida,NYG,RB,56.5,249.4,1.2,12.2,95.2,0.2,0.8,0.0,0.0,0,0.0,0.0
73,Isaiah Spiller,LAC,RB,64.5,251.4,1.1,7.9,65.4,0.2,0.3,0.0,0.0,0,0.0,0.0
74,Zach Evans,LAR,RB,53.7,208.3,1.2,8.9,81.2,0.4,0.5,0.0,0.0,0,0.0,0.0
75,Sean Tucker,TB,RB,56.0,220.4,0.8,11.7,89.8,0.3,0.3,0.0,0.0,0,0.0,0.0
76,Zamir White,LV,RB,59.2,228.0,1.7,6.5,31.0,0.2,0.2,0.0,0.0,0,0.0,0.0
77,Rico Dowdle,DAL,RB,57.3,214.3,1.3,6.8,53.0,0.2,0.2,0.0,0.0,0,0.0,0.0
78,Trayveon Williams,CIN,RB,58.4,226.9,0.9,10.3,73.2,0.3,0.9,0.0,0.0,0,0.0,0.0
79,JaMycal Hasty,JAC,RB,37.5,180.8,1.0,13.2,93.8,0.4,0.2,0.0,0.0,0,0.0,0.0
80,Pierre Strong Jr.,CLE,RB,41.1,200.4,1.1,8.5,74.6,0.2,0.2,0.0,0.0,0,0.0,0.0
81,Myles Gaskin,MIN,RB,46.3,185.5,0.9,13.7,89.8,0.4,0.4,0.0,0.0,0,0.0,0.0
82,Ronald Jones II,DAL,RB,59.3,235.9,1.2,2.7,36.0,0.1,0.4,0.0,0.0,0,0.0,0.0
83,Michael Carter,NYJ,RB,42.4,161.8,0.7,12.6,114.1,0.4,0.2,0.0,0.0,0,0.0,0.0
84,Craig Reynolds,DET,RB,35.9,154.3,1.0,14.1,97.1,0.4,0.1,0.0,0.0,0,0.0,0.0
85,Jaleel McLaughlin,DEN,RB,42.2,180.5,1.3,10.4,59.0,0.3,0.2,0.0,0.0,0,0.0,0.0
86,Ke'Shawn Vaughn,TB,RB,53.1,209.7,1.3,6.9,43.8,0.2,0.6,0.0,0.0,0,0.0,0.0
87,Jordan Mason,SF,RB,54.3,238.6,0.9,2.8,31.4,0.1,0.2,0.0,0.0,0,0.0,0.0
88,Raheem Blackshear,CAR,RB,34.4,128.2,1.3,12.9,91.2,0.3,0.4,0.0,0.0,0,0.0,0.0
89,Chris Rodriguez Jr.,WAS,RB,40.1,167.6,0.9,10.0,65.6,0.2,0.2,0.0,0.0,0,0.0,0.0
90,Eric Gray,NYG,RB,51.2,172.5,1.0,6.2,57.1,0.3,0.6,0.0,0.0,0,0.0,0.0
91,Ameer Abdullah,LV,RB,27.8,95.6,0.4,18.8,137.6,0.6,0.1,0.0,0.0,0,0.0,0.0
92,Chris Evans,CIN,RB,34.2,128.8,0.5,10.7,88.3,0.5,0.2,0.0,0.0,0,0.0,0.0
93,Melvin Gordon III,BAL,RB,33.3,153.0,0.6,11.2,78.9,0.3,0.8,0.0,0.0,0,0.0,0.0
94,Zonovan Knight,DET,RB,53.6,173.5,0.5,9.3,60.9,0.2,0.2,0.0,0.0,0,0.0,0.0
95,DeeJay Dallas,SEA,RB,20.3,123.5,0.6,11.2,90.2,0.3,0.1,0.0,0.0,0,0.0,0.0
96,Owen Wright,BAL,RB,0.0,145.0,1.1,6.5,41.2,0.2,0.2,0.0,0.0,0,0.0,0.0
97,Anthony McFarland Jr.,PIT,RB,21.9,130.3,0.7,10.2,60.8,0.3,0.1,0.0,0.0,0,0.0,0.0
98,Salvon Ahmed,MIA,RB,35.3,135.3,0.7,6.7,56.8,0.2,0.0,0.0,0.0,0,0.0,0.0
99,Malik Davis,DAL,RB,51.1,181.0,0.0,0.0,62.8,0.0,0.3,0.0,0.0,0,0.0,0.0
100,Boston Scott,PHI,RB,30.5,138.7,1.1,3.6,32.2,0.1,0.2,0.0,0.0,0,0.0,0.0
101,Tyrion Davis-Price,SF,RB,30.6,149.5,0.7,3.7,38.6,0.1,0.2,0.0,0.0,0,0.0,0.0
102,Mike Boone,HOU,RB,21.7,117.2,0.5,14.0,61.0,0.2,0.0,0.0,0.0,0,0.0,0.0
103,Dare Ogunbowale,HOU,RB,26.7,99.5,0.7,10.0,60.4,0.2,0.1,0.0,0.0,0,0.0,0.0
104,Corey Clement,ARI,RB,19.6,110.7,0.6,11.4,54.9,0.2,0.0,0.0,0.0,0,0.0,0.0
105,Justice Hill,BAL,RB,28.5,126.3,0.4,8.8,51.2,0.2,0.2,0.0,0.0,0,0.0,0.0
106,DeWayne McBride,MIN,RB,62.3,143.2,0.3,2.0,48.1,0.1,0.2,0.0,0.0,0,0.0,0.0
107,Kevin Harris,NE,RB,30.6,107.9,0.5,10.1,55.6,0.2,0.1,0.0,0.0,0,0.0,0.0
108,Emari Demercado,ARI,RB,36.9,113.3,0.7,7.2,40.9,0.2,0.1,0.0,0.0,0,0.0,0.0
109,Julius Chestnut,TEN,RB,26.3,100.2,0.6,8.0,56.9,0.2,0.1,0.0,0.0,0,0.0,0.0
110,Kyle Juszczyk,SF,RB,9.1,30.6,0.4,13.1,111.2,0.6,0.0,0.0,0.0,0,0.0,0.0
111,Tyler Badie,DEN,RB,15.2,95.9,0.5,14.7,58.4,0.2,0.1,0.0,0.0,0,0.0,0.0
112,Gary Brightwell,NYG,RB,24.0,113.6,0.8,5.0,30.5,0.1,0.1,0.0,0.0,0,0.0,0.0
113,Israel Abanikanda,NYJ,RB,50.1,131.0,0.4,1.5,39.2,0.0,0.1,0.0,0.0,0,0.0,0.0
114,Brandon Bolden,LV,RB,18.3,78.6,0.5,7.4,61.7,0.4,0.1,0.0,0.0,0,0.0,0.0
115,D'Ernest Johnson,JAC,RB,30.5,125.9,0.4,4.8,36.1,0.1,0.0,0.0,0.0,0,0.0,0.0
116,Travis Homer,CHI,RB,18.0,92.6,0.3,7.5,67.3,0.2,0.1,0.0,0.0,0,0.0,0.0
117,Emanuel Wilson,GB,RB,25.9,101.2,0.5,7.7,36.8,0.1,0.1,0.0,0.0,0,0.0,0.0
118,Kenny McIntosh,SEA,RB,34.4,100.9,0.5,3.0,33.2,0.0,0.1,0.0,0.0,0,0.0,0.0
119,Jason Huntley,IND,RB,0.0,78.9,0.5,4.7,42.5,0.2,0.1,0.0,0.0,0,0.0,0.0
120,Deneric Prince,KC,RB,35.1,113.6,0.0,0.0,42.1,0.0,0.2,0.0,0.0,0,0.0,0.0
121,Ty Montgomery II,NE,RB,12.5,37.5,0.2,8.7,74.2,0.3,0.0,0.0,0.0,0,0.0,0.0
122,Keaton Mitchell,BAL,RB,26.6,81.7,0.4,2.9,24.6,0.1,0.1,0.0,0.0,0,0.0,0.0
123,Ty Johnson,BUF,RB,10.0,49.6,0.2,8.3,54.4,0.3,0.1,0.0,0.0,0,0.0,0.0
124,Snoop Conner,JAC,RB,12.2,89.9,0.5,2.2,7.6,0.1,0.1,0.0,0.0,0,0.0,0.0
125,Kene Nwangwu,MIN,RB,27.4,75.9,0.2,3.8,32.2,0.1,0.1,0.0,0.0,0,0.0,0.0
126,Alec Ingold,MIA,RB,5.2,14.0,0.1,12.0,75.8,0.4,0.0,0.0,0.0,0,0.0,0.0
127,Elijah Dotson,LAC,RB,17.3,63.7,0.4,4.5,24.4,0.1,0.1,0.0,0.0,0,0.0,0.0
128,C.J. Ham,MIN,RB,5.5,15.7,0.3,9.6,62.1,0.2,0.0,0.0,0.0,0,0.0,0.0
129,Kirk Merritt,NO,RB,9.1,38.6,0.3,4.1,31.5,0.2,0.1,0.0,0.0,0,0.0,0.0
130,Hunter Luepke,DAL,RB,9.0,32.4,0.4,7.4,31.4,0.1,0.0,0.0,0.0,0,0.0,0.0
131,Royce Freeman,LAR,RB,0.0,57.7,0.3,4.2,14.4,0.1,0.1,0.0,0.0,0,0.0,0.0
132,Demetric Felton Jr.,CIN,RB,10.3,38.2,0.1,5.8,35.6,0.1,0.1,0.0,0.0,0,0.0,0.0
133,Andrew Beck,HOU,RB,0.0,0.0,0.0,7.8,64.3,0.4,0.0,0.0,0.0,0,0.0,0.0
134,Ronnie Rivers,LAR,RB,14.3,45.3,0.1,4.4,28.2,0.1,0.1,0.0,0.0,0,0.0,0.0
135,Jason Cabinda,DET,RB,9.1,22.4,0.2,4.4,33.3,0.3,0.0,0.0,0.0,0,0.0,0.0
136,Godwin Igwebuike,ATL,RB,0.0,7.8,0.1,6.6,47.3,0.2,0.0,0.0,0.0,0,0.0,0.0
137,Patrick Ricard,BAL,RB,5.5,15.9,0.1,7.3,41.1,0.3,0.4,0.0,0.0,0,0.0,0.0
138,Giovanni Ricci,CAR,RB,4.7,19.7,0.2,4.1,30.0,0.2,0.0,0.0,0.0,0,0.0,0.0
139,Patrick Taylor Jr.,GB,RB,0.0,38.2,0.3,2.1,6.1,0.1,0.0,0.0,0.0,0,0.0,0.0
140,Chris Brooks,MIA,RB,15.0,42.8,0.1,2.0,14.3,0.0,0.1,0.0,0.0,0,0.0,0.0
141,Reggie Gilliam,BUF,RB,2.2,9.3,0.1,9.0,32.8,0.3,0.0,0.0,0.0,0,0.0,0.0
142,Tony Jones Jr.,NO,RB,17.8,37.3,0.0,0.0,12.3,0.0,0.0,0.0,0.0,0,0.0,0.0
143,Henry Pearson,GB,RB,0.0,13.1,0.1,3.7,16.4,0.2,0.0,0.0,0.0,0,0.0,0.0
144,Jakob Johnson,LV,RB,8.3,19.0,0.1,4.6,18.5,0.1,0.1,0.0,0.0,0,0.0,0.0
145,Adam Prentice,NO,RB,2.4,13.6,0.1,4.3,17.8,0.1,0.0,0.0,0.0,0,0.0,0.0
146,Michael Burton,DEN,RB,4.7,14.7,0.1,3.6,14.0,0.1,0.0,0.0,0.0,0,0.0,0.0
147,Jack Colletto,SF,RB,0.0,7.3,0.1,3.6,16.3,0.2,0.0,0.0,0.0,0,0.0,0.0
148,Avery Williams,ATL,RB,2.7,11.6,0.1,3.4,11.0,0.1,0.0,0.0,0.0,0,0.0,0.0
149,Keith Smith,ATL,RB,6.3,12.5,0.1,2.7,10.7,0.1,0.0,0.0,0.0,0,0.0,0.0
150,Nick Bellore,SEA,RB,4.4,9.3,0.0,2.3,15.8,0.1,0.0,0.0,0.0,0,0.0,0.0
151,Khari Blasingame,CHI,RB,2.8,9.0,0.1,2.6,8.2,0.1,0.0,0.0,0.0,0,0.0,0.0
152,Darrynton Evans,MIA,RB,6.1,17.1,0.0,0.0,5.9,0.0,0.0,0.0,0.0,0,0.0,0.0
153,Zander Horvath,PIT,RB,0.0,1.5,0.0,2.9,4.6,0.1,0.0,0.0,0.0,0,0.0,0.0
154,Nick Bawden,NYJ,RB,0.0,1.1,0.0,2.9,4.6,0.1,0.0,0.0,0.0,0,0.0,0.0
155,Jake Funk,IND,RB,0.0,3.4,0.0,0.3,3.6,0.0,0.0,0.0,0.0,0,0.0,0.0
156,La'Mical Perine,KC,RB,0.0,0.0,0.0,0.0,0.0,0.0,0.0,0.0,0.0,0,0.0,0.0
157,0,0,RB,0.0,0,0.0,0.0,0,0.0,0.0,0.0,0.0,0,0.0,0.0
158,0,0,RB,0.0,0,0.0,0.0,0,0.0,0.0,0.0,0.0,0,0.0,0.0
1,Justin Jefferson,MIN,WR,3.8,19.4,0.3,111.3,"1,538.9",8.2,0.3,0.0,0.0,0,0.0,0.0
2,Ja'Marr Chase,CIN,WR,5.0,24.1,0.1,105.6,"1,397.1",10.3,1.1,0.0,0.0,0,0.0,0.0
3,Tyreek Hill,MIA,WR,9.3,55.5,0.5,106.3,"1,403.7",8.0,0.4,0.0,0.0,0,0.0,0.0
4,CeeDee Lamb,DAL,WR,8.9,56.7,0.3,99.5,"1,313.9",7.9,0.3,0.0,0.0,0,0.0,0.0
5,Cooper Kupp,LAR,WR,8.0,73.2,0.8,103.1,"1,275.5",7.8,0.8,0.0,0.0,0,0.0,0.0
6,Davante Adams,LV,WR,1.8,7.7,0.1,94.2,"1,276.4",8.6,0.3,0.0,0.0,0,0.0,0.0
7,Stefon Diggs,BUF,WR,0.6,3.4,0.0,97.1,"1,282.6",8.5,0.4,0.0,0.0,0,0.0,0.0
8,A.J. Brown,PHI,WR,0.3,4.2,0.1,78.0,"1,213.3",8.5,0.6,0.0,0.0,0,0.0,0.0
9,Jaylen Waddle,MIA,WR,4.1,34.3,0.2,80.6,"1,176.7",6.6,0.7,0.0,0.0,0,0.0,0.0
10,Amon-Ra St. Brown,DET,WR,8.2,64.2,0.5,101.3,"1,156.4",5.8,0.2,0.0,0.0,0,0.0,0.0
11,Garrett Wilson,NYJ,WR,2.5,6.4,0.0,85.3,"1,176.5",6.8,0.8,0.0,0.0,0,0.0,0.0
12,Deebo Samuel,SF,WR,42.5,251.2,2.4,68.5,892.8,4.1,1.4,0.0,0.0,0,0.0,0.0
13,Chris Olave,NO,WR,0.0,0.1,0.0,83.0,"1,176.1",5.9,1.3,0.0,0.0,0,0.0,0.0
14,Tee Higgins,CIN,WR,0.5,2.5,0.0,80.4,"1,086.1",6.7,0.3,0.0,0.0,0,0.0,0.0
15,Christian Watson,GB,WR,8.6,69.6,1.0,69.4,971.2,6.3,0.2,0.0,0.0,0,0.0,0.0
16,Amari Cooper,CLE,WR,0.5,1.6,0.0,73.1,"1,031.7",7.2,0.1,0.0,0.0,0,0.0,0.0
17,DK Metcalf,SEA,WR,0.1,1.1,0.0,83.0,"1,031.4",7.3,0.8,0.0,0.0,0,0.0,0.0
18,DeVonta Smith,PHI,WR,0.0,0.1,0.0,83.3,"1,058.8",6.4,0.6,0.0,0.0,0,0.0,0.0
19,Calvin Ridley,JAC,WR,2.3,7.8,0.0,80.7,"1,028.9",6.6,0.5,0.0,0.0,0,0.0,0.0
20,DJ Moore,CHI,WR,6.0,37.1,0.1,67.5,955.6,6.6,0.3,0.0,0.0,0,0.0,0.0
21,Mike Williams,LAC,WR,1.0,4.5,0.0,70.5,986.0,6.1,0.1,0.0,0.0,0,0.0,0.0
22,Mike Evans,TB,WR,0.0,6.8,0.0,71.2,997.9,5.8,0.1,0.0,0.0,0,0.0,0.0
23,Keenan Allen,LAC,WR,1.3,7.5,0.0,90.9,"1,008.1",5.8,0.7,0.0,0.0,0,0.0,0.0
24,Terry McLaurin,WAS,WR,3.3,20.2,0.1,72.2,"1,015.8",4.8,0.2,0.0,0.0,0,0.0,0.0
25,Christian Kirk,JAC,WR,3.5,21.2,0.1,74.2,923.6,5.9,0.5,0.0,0.0,0,0.0,0.0
26,DeAndre Hopkins,TEN,WR,0.1,1.1,0.0,77.8,981.3,5.3,0.7,0.0,0.0,0,0.0,0.0
27,Tyler Lockett,SEA,WR,0.2,0.7,0.0,76.3,915.0,5.9,0.6,0.0,0.0,0,0.0,0.0
28,Brandon Aiyuk,SF,WR,2.7,18.6,0.2,65.5,906.6,5.5,0.6,0.0,0.0,0,0.0,0.0
29,Jerry Jeudy,DEN,WR,1.5,14.2,0.0,66.4,952.0,4.7,0.2,0.0,0.0,0,0.0,0.0
30,Drake London,ATL,WR,0.0,0.1,0.0,75.8,939.0,5.5,1.8,0.0,0.0,0,0.0,0.0
31,Jahan Dotson,WAS,WR,3.0,10.8,0.1,60.4,849.7,6.1,0.2,0.0,0.0,0,0.0,0.0
32,Chris Godwin,TB,WR,2.7,13.4,0.1,89.6,972.2,4.1,0.7,0.0,0.0,0,0.0,0.0
33,George Pickens,PIT,WR,2.8,18.1,0.4,57.7,856.4,5.3,0.2,0.0,0.0,0,0.0,0.0
34,Gabe Davis,BUF,WR,0.1,0.7,0.0,51.6,827.0,6.5,0.4,0.0,0.0,0,0.0,0.0
35,Diontae Johnson,PIT,WR,4.5,25.6,0.0,81.0,923.3,4.3,0.5,0.0,0.0,0,0.0,0.0
36,Marquise Brown,ARI,WR,1.4,8.5,0.0,76.5,903.7,4.7,0.3,0.0,0.0,0,0.0,0.0
37,Michael Pittman Jr.,IND,WR,2.4,22.0,0.0,77.5,883.5,4.2,0.6,0.0,0.0,0,0.0,0.0
38,Brandin Cooks,DAL,WR,3.0,19.5,0.1,62.4,822.6,4.8,0.1,0.0,0.0,0,0.0,0.0
39,Jordan Addison,MIN,WR,2.5,14.0,0.1,60.5,810.7,5.0,0.7,0.0,0.0,0,0.0,0.0
40,Courtland Sutton,DEN,WR,0.5,2.7,0.0,62.4,840.8,4.4,0.1,0.0,0.0,0,0.0,0.0
41,Treylon Burks,TEN,WR,6.9,53.0,0.1,58.1,791.9,4.0,0.2,0.0,0.0,0,0.0,0.0
42,Zay Flowers,BAL,WR,2.1,14.9,0.1,55.0,752.6,4.8,0.7,0.0,0.0,0,0.0,0.0
43,Michael Thomas,NO,WR,0.3,1.1,0.0,67.5,771.4,4.5,0.2,0.0,0.0,0,0.0,0.0
44,Jaxon Smith-Njigba,SEA,WR,1.2,8.6,0.0,56.2,766.1,4.5,0.7,0.0,0.0,0,0.0,0.0
45,JuJu Smith-Schuster,NE,WR,0.2,1.0,0.1,72.8,802.8,3.9,0.7,0.0,0.0,0,0.0,0.0
46,Nico Collins,HOU,WR,0.0,0.2,0.0,57.4,724.1,4.5,0.1,0.0,0.0,0,0.0,0.0
47,Allen Lazard,NYJ,WR,2.1,12.4,0.0,54.6,690.0,4.7,0.1,0.0,0.0,0,0.0,0.0
48,Jakobi Meyers,LV,WR,1.1,3.7,0.0,62.6,752.0,3.9,0.7,0.0,0.0,0,0.0,0.0
49,Odell Beckham Jr.,BAL,WR,1.6,19.0,0.2,51.2,675.3,4.4,0.2,0.0,0.0,0,0.0,0.0
50,Skyy Moore,KC,WR,5.6,34.8,0.2,57.1,704.2,4.3,2.1,0.0,0.0,0,0.0,0.0
51,Tyler Boyd,CIN,WR,1.5,8.9,0.0,58.0,712.4,3.9,0.2,0.0,0.0,0,0.0,0.0
52,DJ Chark Jr.,CAR,WR,0.1,1.4,0.0,46.6,718.9,3.9,0.1,0.0,0.0,0,0.0,0.0
53,Michael Gallup,DAL,WR,0.0,0.2,0.0,50.1,662.3,4.6,0.1,0.0,0.0,0,0.0,0.0
54,Darnell Mooney,CHI,WR,2.0,9.9,0.1,52.8,672.3,4.0,0.1,0.0,0.0,0,0.0,0.0
55,Zay Jones,JAC,WR,1.9,8.5,0.0,61.3,675.2,4.0,0.2,0.0,0.0,0,0.0,0.0
56,Marquez Valdes-Scantling,KC,WR,0.7,1.9,0.0,42.0,675.3,4.0,0.1,0.0,0.0,0,0.0,0.0
57,Romeo Doubs,GB,WR,0.7,6.4,0.0,55.9,658.0,4.2,0.7,0.0,0.0,0,0.0,0.0
58,DeVante Parker,NE,WR,0.0,0.2,0.0,47.1,675.8,3.7,0.1,0.0,0.0,0,0.0,0.0
59,Adam Thielen,CAR,WR,0.6,4.0,0.0,54.2,631.9,4.2,0.1,0.0,0.0,0,0.0,0.0
60,Quentin Johnston,LAC,WR,2.4,14.0,0.1,47.0,663.2,3.7,0.7,0.0,0.0,0,0.0,0.0
61,Kadarius Toney,KC,WR,10.2,85.4,1.1,43.9,519.4,3.7,0.6,0.0,0.0,0,0.0,0.0
62,Jonathan Mingo,CAR,WR,1.2,12.7,0.1,48.7,670.7,3.3,0.4,0.0,0.0,0,0.0,0.0
63,Rondale Moore,ARI,WR,14.1,61.9,0.2,64.6,671.9,2.2,0.4,0.0,0.0,0,0.0,0.0
64,Curtis Samuel,WAS,WR,27.3,146.8,0.9,47.9,514.7,2.6,0.5,0.0,0.0,0,0.0,0.0
65,Van Jefferson,LAR,WR,0.7,5.0,0.0,42.9,617.1,3.9,0.1,0.0,0.0,0,0.0,0.0
66,Elijah Moore,CLE,WR,6.2,31.0,0.3,44.8,600.3,3.2,0.1,0.0,0.0,0,0.0,0.0
67,Marvin Mims Jr.,DEN,WR,1.3,9.9,0.0,46.3,628.6,3.4,0.7,0.0,0.0,0,0.0,0.0
68,K.J. Osborn,MIN,WR,2.9,14.3,0.1,49.5,562.2,4.2,0.2,0.0,0.0,0,0.0,0.0
69,Jayden Reed,GB,WR,3.5,21.2,0.1,46.8,614.4,3.2,0.7,0.0,0.0,0,0.0,0.0
70,Donovan Peoples-Jones,CLE,WR,0.4,0.5,0.0,43.6,640.2,3.1,0.6,0.0,0.0,0,0.0,0.0
71,Hunter Renfrow,LV,WR,0.4,3.7,0.0,61.1,597.6,3.4,0.6,0.0,0.0,0,0.0,0.0
72,Rashod Bateman,BAL,WR,0.0,0.2,0.0,40.9,619.6,3.1,0.9,0.0,0.0,0,0.0,0.0
73,Mecole Hardman Jr.,NYJ,WR,7.8,54.2,0.7,44.5,522.7,3.1,0.7,0.0,0.0,0,0.0,0.0
74,Jameson Williams,DET,WR,1.9,20.7,0.1,37.5,570.1,3.1,0.5,0.0,0.0,0,0.0,0.0
75,Alec Pierce,IND,WR,0.0,0.2,0.0,42.1,612.6,2.6,0.1,0.0,0.0,0,0.0,0.0
76,Kendrick Bourne,NE,WR,5.2,36.5,0.2,48.0,571.2,2.5,0.2,0.0,0.0,0,0.0,0.0
77,Isaiah Hodgins,NYG,WR,0.0,0.6,0.0,44.9,498.0,4.3,0.6,0.0,0.0,0,0.0,0.0
78,Rashid Shaheed,NO,WR,3.5,40.5,0.7,33.7,511.6,2.1,0.1,0.0,0.0,0,0.0,0.0
79,Darius Slayton,NYG,WR,0.5,1.8,0.0,38.1,566.3,2.4,0.5,0.0,0.0,0,0.0,0.0
80,Robert Woods,HOU,WR,4.0,20.2,0.2,52.7,526.8,2.5,0.4,0.0,0.0,0,0.0,0.0
81,Chase Claypool,CHI,WR,5.5,36.7,0.2,35.9,493.4,2.6,0.5,0.0,0.0,0,0.0,0.0
82,Marvin Jones Jr.,DET,WR,0.1,0.5,0.0,38.4,494.6,3.2,0.1,0.0,0.0,0,0.0,0.0
83,Mack Hollins,ATL,WR,0.4,11.8,0.1,42.1,489.1,2.7,0.2,0.0,0.0,0,0.0,0.0
84,Rashee Rice,KC,WR,1.1,7.6,0.0,33.4,477.3,3.0,0.4,0.0,0.0,0,0.0,0.0
85,John Metchie III,HOU,WR,0.8,7.2,0.0,38.6,487.5,2.4,0.2,0.0,0.0,0,0.0,0.0
86,Joshua Palmer,LAC,WR,0.5,1.9,0.0,41.6,485.8,2.3,0.1,0.0,0.0,0,0.0,0.0
87,Allen Robinson II,PIT,WR,0.1,0.4,0.0,38.7,467.0,2.6,0.1,0.0,0.0,0,0.0,0.0
88,Parris Campbell,NYG,WR,3.3,34.0,0.1,38.3,436.4,2.3,0.3,0.0,0.0,0,0.0,0.0
89,Wan'Dale Robinson,NYG,WR,2.7,13.6,0.1,40.4,469.8,2.0,0.5,0.0,0.0,0,0.0,0.0
90,Jalin Hyatt,NYG,WR,1.1,8.3,0.0,30.1,425.0,2.0,0.4,0.0,0.0,0,0.0,0.0
91,Josh Reynolds,DET,WR,0.2,0.4,0.0,30.6,414.0,2.3,0.2,0.0,0.0,0,0.0,0.0
92,Nick Westbrook-Ikhine,TEN,WR,0.0,0.4,0.0,28.8,395.0,2.4,0.2,0.0,0.0,0,0.0,0.0
93,Tank Dell,HOU,WR,1.0,6.6,0.0,30.9,423.5,1.8,0.6,0.0,0.0,0,0.0,0.0
94,Michael Wilson,ARI,WR,0.6,6.4,0.0,34.2,422.0,1.5,0.2,0.0,0.0,0,0.0,0.0
95,Isaiah McKenzie,IND,WR,7.9,48.4,0.2,33.4,350.8,1.8,0.1,0.0,0.0,0,0.0,0.0
96,Greg Dortch,ARI,WR,5.9,43.2,0.1,36.7,361.2,1.4,0.5,0.0,0.0,0,0.0,0.0
97,Terrace Marshall Jr.,CAR,WR,0.0,0.1,0.0,25.1,393.9,1.5,0.1,0.0,0.0,0,0.0,0.0
98,Tutu Atwell,LAR,WR,7.2,35.2,0.4,23.3,347.4,1.3,0.2,0.0,0.0,0,0.0,0.0
99,Josh Downs,IND,WR,0.8,6.9,0.0,26.0,374.7,1.7,0.2,0.0,0.0,0,0.0,0.0
100,Sterling Shepard,NYG,WR,2.5,15.4,0.1,30.5,349.8,1.7,0.1,0.0,0.0,0,0.0,0.0
101,Ben Skowronek,LAR,WR,0.4,4.9,0.3,34.5,358.9,1.4,0.1,0.0,0.0,0,0.0,0.0
102,Khalil Shakir,BUF,WR,1.1,6.3,0.1,24.1,361.9,1.6,0.2,0.0,0.0,0,0.0,0.0
103,Tyquan Thornton,NE,WR,2.6,10.3,0.8,22.1,303.5,1.7,0.0,0.0,0.0,0,0.0,0.0
104,Randall Cobb,NYJ,WR,0.2,0.6,0.0,30.7,344.1,2.0,0.2,0.0,0.0,0,0.0,0.0
105,Trey Palmer,TB,WR,0.4,5.3,0.1,30.2,353.7,1.5,0.1,0.0,0.0,0,0.0,0.0
106,Braxton Berrios,MIA,WR,1.6,18.7,0.3,27.1,306.0,1.5,0.3,0.0,0.0,0,0.0,0.0
107,Laviska Shenault Jr.,CAR,WR,16.5,84.0,0.7,21.8,255.9,0.8,0.2,0.0,0.0,0,0.0,0.0
108,Marquez Callaway,LV,WR,0.0,0.5,0.0,34.8,293.0,1.7,0.0,0.0,0.0,0,0.0,0.0
109,Deonte Harty,BUF,WR,2.7,18.1,0.1,24.1,292.9,1.3,0.4,0.0,0.0,0,0.0,0.0
110,Cedrick Wilson Jr.,MIA,WR,0.3,0.8,0.0,26.7,286.8,1.5,0.1,0.0,0.0,0,0.0,0.0
111,Richie James Jr.,KC,WR,0.5,1.4,0.0,20.8,290.2,1.8,1.2,0.0,0.0,0,0.0,0.0
112,Quez Watkins,PHI,WR,0.5,0.9,0.0,19.5,290.4,1.4,0.2,0.0,0.0,0,0.0,0.0
113,Kalif Raymond,DET,WR,2.4,23.8,0.2,20.7,256.1,1.3,0.2,0.0,0.0,0,0.0,0.0
114,Cedric Tillman,CLE,WR,0.6,3.9,0.0,17.4,297.7,1.1,0.2,0.0,0.0,0,0.0,0.0
115,Puka Nacua,LAR,WR,0.6,4.2,0.0,20.0,297.2,1.0,0.2,0.0,0.0,0,0.0,0.0
116,Demario Douglas,NE,WR,0.4,2.5,0.0,32.7,298.8,1.0,0.1,0.0,0.0,0,0.0,0.0
117,Jauan Jennings,SF,WR,0.0,0.2,0.0,21.7,270.1,1.3,0.1,0.0,0.0,0,0.0,0.0
118,Dyami Brown,WAS,WR,2.1,15.0,0.0,13.3,230.1,1.7,0.0,0.0,0.0,0,0.0,0.0
119,Noah Brown,HOU,WR,0.1,0.4,0.0,23.4,277.5,1.1,0.2,0.0,0.0,0,0.0,0.0
120,Kayshon Boutte,NE,WR,0.8,5.8,0.0,18.2,274.2,0.9,0.1,0.0,0.0,0,0.0,0.0
121,Olamide Zaccheaus,PHI,WR,0.6,2.2,0.0,20.1,261.4,1.3,0.3,0.0,0.0,0,0.0,0.0
122,Jamal Agnew,JAC,WR,6.1,54.1,0.3,20.6,191.4,1.1,0.2,0.0,0.0,0,0.0,0.0
123,Trent Sherfield,BUF,WR,0.0,0.6,0.0,17.3,243.8,1.2,0.1,0.0,0.0,0,0.0,0.0
124,Marquise Goodwin,CLE,WR,1.5,8.0,0.0,15.1,211.3,1.3,0.0,0.0,0.0,0,0.0,0.0
125,Xavier Hutchinson,HOU,WR,1.1,6.8,0.1,0.0,274.4,0.1,0.2,0.0,0.0,0,0.0,0.0
126,Deven Thompkins,TB,WR,0.3,9.7,0.1,19.9,215.1,0.9,0.1,0.0,0.0,0,0.0,0.0
127,Zach Pascal,ARI,WR,0.1,1.2,0.0,20.9,218.4,1.1,0.1,0.0,0.0,0,0.0,0.0
128,Demarcus Robinson,LAR,WR,0.0,0.2,0.0,19.9,214.4,0.9,0.1,0.0,0.0,0,0.0,0.0
129,Kyle Philips,TEN,WR,1.0,4.9,0.0,15.1,222.2,0.7,0.2,0.0,0.0,0,0.0,0.0
130,Chris Moore,TEN,WR,0.3,2.5,0.0,17.5,212.4,0.9,0.0,0.0,0.0,0,0.0,0.0
131,Charlie Jones,CIN,WR,0.7,5.5,0.0,15.8,203.1,1.0,0.5,0.0,0.0,0,0.0,0.0
132,Calvin Austin III,PIT,WR,0.4,3.7,0.0,14.8,206.1,0.8,0.1,0.0,0.0,0,0.0,0.0
133,Trenton Irwin,CIN,WR,0.1,1.3,0.0,16.7,185.8,1.1,0.1,0.0,0.0,0,0.0,0.0
134,KhaDarel Hodge,ATL,WR,0.0,3.0,0.0,15.6,182.6,1.0,0.1,0.0,0.0,0,0.0,0.0
135,Dontayvion Wicks,GB,WR,0.3,4.4,0.0,17.0,184.5,0.8,0.1,0.0,0.0,0,0.0,0.0
136,Samori Toure,GB,WR,0.6,4.1,0.0,14.0,182.3,0.8,0.1,0.0,0.0,0,0.0,0.0
137,Justyn Ross,KC,WR,0.5,3.1,0.0,9.7,183.3,0.8,0.1,0.0,0.0,0,0.0,0.0
138,Cade Johnson,SEA,WR,0.0,1.7,0.0,14.6,168.0,1.1,0.0,0.0,0.0,0,0.0,0.0
139,Rakim Jarrett,TB,WR,0.2,4.7,0.0,19.0,168.4,0.9,0.0,0.0,0.0,0,0.0,0.0
140,Justin Watson,KC,WR,0.0,0.2,0.0,11.2,172.2,0.9,0.0,0.0,0.0,0,0.0,0.0
141,Devin Duvernay,BAL,WR,4.6,42.3,0.2,7.0,138.2,0.4,0.1,0.0,0.0,0,0.0,0.0
142,Jalen Tolbert,DAL,WR,0.6,3.4,0.0,8.5,152.5,0.6,0.1,0.0,0.0,0,0.0,0.0
143,Britain Covey,PHI,WR,0.0,6.7,0.1,8.4,130.4,0.8,0.0,0.0,0.0,0,0.0,0.0
144,David Bell,CLE,WR,0.0,0.2,0.0,9.0,165.3,0.4,0.0,0.0,0.0,0,0.0,0.0
145,DeAndre Carter,LV,WR,0.5,7.3,0.0,11.3,143.2,0.6,0.2,0.0,0.0,0,0.0,0.0
146,Amari Rodgers,IND,WR,0.4,6.6,0.0,16.8,135.5,0.7,0.1,0.0,0.0,0,0.0,0.0
147,Tre Nixon,NE,WR,0.0,6.3,0.0,8.6,126.9,0.8,0.0,0.0,0.0,0,0.0,0.0
148,Brandon Johnson,DEN,WR,0.2,1.9,0.0,12.0,133.0,0.8,0.1,0.0,0.0,0,0.0,0.0
149,Velus Jones Jr.,CHI,WR,1.9,36.4,0.2,6.1,104.7,0.4,0.1,0.0,0.0,0,0.0,0.0
150,Equanimeous St. Brown,CHI,WR,1.2,12.7,0.0,8.3,123.0,0.6,0.0,0.0,0.0,0,0.0,0.0
151,Brandon Powell,MIN,WR,2.9,32.1,0.1,11.5,105.1,0.5,0.2,0.0,0.0,0,0.0,0.0
152,Parker Washington,JAC,WR,0.3,2.0,0.0,10.5,136.1,0.4,0.1,0.0,0.0,0,0.0,0.0
153,Tre'Quan Smith,NO,WR,0.0,0.2,0.0,9.5,124.1,0.7,0.0,0.0,0.0,0,0.0,0.0
154,Tre Tucker,LV,WR,0.3,5.2,0.0,10.7,122.6,0.5,0.0,0.0,0.0,0,0.0,0.0
155,Derius Davis,LAC,WR,0.4,6.0,0.0,12.9,123.6,0.5,0.1,0.0,0.0,0,0.0,0.0
156,A.T. Perry,NO,WR,0.6,2.7,0.0,5.0,135.8,0.3,0.1,0.0,0.0,0,0.0,0.0
157,Byron Pringle,WAS,WR,2.5,14.6,0.1,12.0,113.4,0.4,0.1,0.0,0.0,0,0.0,0.0
158,Dee Eskridge,SEA,WR,3.2,24.3,0.1,10.5,100.0,0.4,0.1,0.0,0.0,0,0.0,0.0
159,Jason Brownlee,NYJ,WR,0.2,2.6,0.0,10.7,114.6,0.6,0.1,0.0,0.0,0,0.0,0.0
160,River Cracraft,MIA,WR,0.2,1.1,0.0,10.4,114.8,0.6,0.1,0.0,0.0,0,0.0,0.0
161,Jalen Nailor,MIN,WR,0.3,1.6,0.0,9.1,110.5,0.7,0.1,0.0,0.0,0,0.0,0.0
162,Nelson Agholor,BAL,WR,0.2,0.9,0.0,5.4,130.7,0.3,0.2,0.0,0.0,0,0.0,0.0
163,Malik Heath,GB,WR,0.1,3.4,0.0,11.6,109.8,0.6,0.0,0.0,0.0,0,0.0,0.0
164,Ronnie Bell,SF,WR,0.1,3.2,0.0,11.2,103.4,0.6,0.0,0.0,0.0,0,0.0,0.0
165,Tyler Scott,CHI,WR,1.0,3.5,0.1,0.5,134.5,0.0,0.1,0.0,0.0,0,0.0,0.0
166,Erik Ezukanma,MIA,WR,0.2,1.3,0.0,9.1,100.0,0.5,0.1,0.0,0.0,0,0.0,0.0
167,Scott Miller,ATL,WR,0.3,3.5,0.0,7.8,104.2,0.3,0.0,0.0,0.0,0,0.0,0.0
168,Ray-Ray McCloud III,SF,WR,3.3,29.2,0.2,5.8,66.6,0.3,0.1,0.0,0.0,0,0.0,0.0
169,Andrei Iosivas,CIN,WR,0.5,3.0,0.0,0.0,117.3,0.0,0.1,0.0,0.0,0,0.0,0.0
170,Phillip Dorsett II,DEN,WR,0.1,0.8,0.0,8.7,87.4,0.5,0.0,0.0,0.0,0,0.0,0.0
171,Keith Kirkwood,NO,WR,0.2,1.0,0.0,9.3,89.6,0.4,0.0,0.0,0.0,0,0.0,0.0
172,Steven Sims Jr.,HOU,WR,0.7,30.6,0.2,4.7,59.6,0.2,0.1,0.0,0.0,0,0.0,0.0
173,Dareke Young,SEA,WR,0.2,1.0,0.0,7.5,84.5,0.4,0.1,0.0,0.0,0,0.0,0.0
174,KaVontae Turpin,DAL,WR,1.8,10.3,0.1,6.5,69.5,0.4,0.0,0.0,0.0,0,0.0,0.0
175,Justin Shorter,BUF,WR,0.4,2.7,0.0,0.0,105.5,0.0,0.1,0.0,0.0,0,0.0,0.0
176,Gunner Olszewski,PIT,WR,3.3,26.4,0.1,4.8,60.2,0.2,0.1,0.0,0.0,0,0.0,0.0
177,Ihmir Smith-Marsette,CAR,WR,0.2,1.3,0.0,6.4,82.5,0.2,0.1,0.0,0.0,0,0.0,0.0
178,Jalen Reagor,NE,WR,1.8,13.1,0.1,3.8,67.1,0.2,0.1,0.0,0.0,0,0.0,0.0
179,Jalen Guyton,LAC,WR,0.7,2.8,0.0,0.0,86.4,0.0,0.0,0.0,0.0,0,0.0,0.0
180,Maurice Alexander,DET,WR,0.0,0.0,0.0,4.9,65.2,0.4,0.0,0.0,0.0,0,0.0,0.0
181,Dax Milne,WAS,WR,2.8,11.5,0.1,5.8,64.6,0.2,0.3,0.0,0.0,0,0.0,0.0
182,Ashton Dulin,IND,WR,0.3,4.8,0.0,4.5,66.9,0.3,0.0,0.0,0.0,0,0.0,0.0
183,Cody Thompson,SEA,WR,0.0,1.2,0.0,5.5,62.5,0.3,0.0,0.0,0.0,0,0.0,0.0
184,Antoine Green,DET,WR,0.1,1.6,0.0,6.0,60.7,0.3,0.0,0.0,0.0,0,0.0,0.0
185,Matthew Slater,NE,WR,0.0,1.5,0.0,2.8,59.7,0.2,0.0,0.0,0.0,0,0.0,0.0
186,Kirk Merritt,NO,WR,0.0,6.3,0.0,1.9,51.2,0.2,0.0,0.0,0.0,0,0.0,0.0
187,Easop Winston Jr.,SEA,WR,0.0,3.9,0.0,3.3,48.8,0.3,0.0,0.0,0.0,0,0.0,0.0
188,Tim Jones,JAC,WR,0.2,1.1,0.0,3.9,55.1,0.2,0.1,0.0,0.0,0,0.0,0.0
189,Josh Ali,ATL,WR,0.1,2.6,0.0,4.9,50.2,0.2,0.0,0.0,0.0,0,0.0,0.0
190,Cole Beasley,NYG,WR,0.0,0.1,0.0,5.7,49.9,0.2,0.0,0.0,0.0,0,0.0,0.0
191,Miles Boykin,PIT,WR,0.0,0.2,0.0,3.2,50.1,0.1,0.0,0.0,0.0,0,0.0,0.0
192,Montrell Washington,KC,WR,0.2,9.6,0.0,2.5,43.8,0.1,0.0,0.0,0.0,0,0.0,0.0
193,Danny Gray,SF,WR,0.4,1.7,0.0,1.5,50.4,0.1,0.1,0.0,0.0,0,0.0,0.0
194,Lance McCutcheon,HOU,WR,0.0,0.7,0.0,2.2,42.7,0.2,0.0,0.0,0.0,0,0.0,0.0
195,Michael Woods II,CLE,WR,0.0,0.0,0.0,3.1,38.4,0.2,0.0,0.0,0.0,0,0.0,0.0
196,Alex Bachman,HOU,WR,0.0,0.0,0.0,3.3,38.2,0.2,0.0,0.0,0.0,0,0.0,0.0
197,Jake Bobo,SEA,WR,0.2,1.2,0.0,0.0,46.6,0.0,0.0,0.0,0.0,0,0.0,0.0
198,Lawrence Cager,NYG,WR,0.3,2.0,0.0,0.0,45.1,0.0,0.0,0.0,0.0,0,0.0,0.0
199,Andy Isabella,BUF,WR,0.1,6.8,0.1,1.3,32.7,0.1,0.0,0.0,0.0,0,0.0,0.0
200,Colton Dowell,TEN,WR,0.1,1.5,0.0,3.2,36.5,0.1,0.0,0.0,0.0,0,0.0,0.0
201,Seth Williams,JAC,WR,0.0,1.4,0.0,2.2,27.8,0.2,0.0,0.0,0.0,0,0.0,0.0
202,Greg Ward,PHI,WR,0.0,0.2,0.0,2.5,30.2,0.2,0.0,0.0,0.0,0,0.0,0.0
203,Stanley Morgan Jr.,CIN,WR,0.0,1.9,0.0,1.6,31.9,0.1,0.0,0.0,0.0,0,0.0,0.0
204,Chris Conley,SF,WR,0.0,0.1,0.0,0.0,37.2,0.0,0.0,0.0,0.0,0,0.0,0.0
205,Mitchell Tinsley,WAS,WR,0.1,0.9,0.0,0.0,34.9,0.0,0.0,0.0,0.0,0,0.0,0.0
206,Daniel Arias,ARI,WR,0.1,0.9,0.0,0.0,34.9,0.0,0.0,0.0,0.0,0,0.0,0.0
207,Xavier Gipson,NYJ,WR,0.1,0.9,0.0,0.0,34.9,0.0,0.0,0.0,0.0,0,0.0,0.0
208,Tanner Conner,MIA,WR,0.1,0.9,0.0,0.0,34.9,0.0,0.0,0.0,0.0,0,0.0,0.0
209,Irvin Charles,NYJ,WR,0.1,0.9,0.0,0.0,34.9,0.0,0.0,0.0,0.0,0,0.0,0.0
210,Kearis Jackson,TEN,WR,0.1,0.9,0.0,0.0,34.9,0.0,0.0,0.0,0.0,0,0.0,0.0
211,Elijah Cooks,JAC,WR,0.1,0.9,0.0,0.0,34.9,0.0,0.0,0.0,0.0,0,0.0,0.0
212,Tylan Wallace,BAL,WR,0.2,0.8,0.0,1.5,31.6,0.1,0.1,0.0,0.0,0,0.0,0.0
213,Mike Strachan,IND,WR,0.2,1.5,0.0,0.0,33.7,0.0,0.0,0.0,0.0,0,0.0,0.0
214,Kristian Wilkerson,LV,WR,0.2,1.5,0.0,0.0,33.7,0.0,0.0,0.0,0.0,0,0.0,0.0
215,Andre Baccellia,ARI,WR,0.2,1.5,0.0,0.0,33.7,0.0,0.0,0.0,0.0,0,0.0,0.0
216,D.J. Montgomery,IND,WR,0.2,1.5,0.0,0.0,33.7,0.0,0.0,0.0,0.0,0,0.0,0.0
217,David Sills V,DEN,WR,0.2,1.5,0.0,0.0,33.7,0.0,0.0,0.0,0.0,0,0.0,0.0
218,David Moore,TB,WR,0.4,3.0,0.0,0.0,31.2,0.0,0.0,0.0,0.0,0,0.0,0.0
219,Trent Taylor,CHI,WR,0.3,4.1,0.0,1.3,25.4,0.1,0.0,0.0,0.0,0,0.0,0.0
220,Penny Hart,ATL,WR,0.4,7.1,0.0,0.0,26.3,0.0,0.0,0.0,0.0,0,0.0,0.0
221,Joseph Ngata,PHI,WR,0.0,1.4,0.0,1.9,23.7,0.1,0.0,0.0,0.0,0,0.0,0.0
222,Bo Melton,GB,WR,0.0,1.3,0.0,3.7,22.3,0.1,0.0,0.0,0.0,0,0.0,0.0
223,Jalen Brooks,DAL,WR,0.2,0.8,0.0,0.9,27.9,0.0,0.0,0.0,0.0,0,0.0,0.0
224,Jaelon Darden,CLE,WR,0.0,2.6,0.0,0.6,19.6,0.1,0.0,0.0,0.0,0,0.0,0.0
225,Racey McMath,IND,WR,0.2,1.3,0.0,0.7,21.5,0.0,0.0,0.0,0.0,0,0.0,0.0
226,Lil'Jordan Humphrey,DEN,WR,0.0,0.0,0.0,0.3,22.1,0.0,0.0,0.0,0.0,0,0.0,0.0
227,Laquon Treadwell,BAL,WR,0.0,0.1,0.0,0.3,21.8,0.0,0.0,0.0,0.0,0,0.0,0.0
228,Alex Erickson,LAC,WR,0.0,0.0,0.0,0.0,0.0,0.0,0.0,0.0,0.0,0,0.0,0.0
229,0,0,WR,0.0,0,0.0,0.0,0,0.0,0.0,0.0,0.0,0,0.0,0.0
230,0,0,WR,0.0,0,0.0,0.0,0,0.0,0.0,0.0,0.0,0,0.0,0.0
1,Patrick Mahomes II,KC,QB,65.0,357.6,3.2,0.0,0,0.0,1.9,611.2,406.5,"4,839.0",37.7,11.2
2,Josh Allen,BUF,QB,116.7,660.1,6.2,0.0,0,0.0,4.2,577.6,364.7,"4,293.3",32.2,14.0
3,Jalen Hurts,PHI,QB,157.8,801.9,11.2,0.0,0,0.0,2.9,495.3,318.9,"3,820.6",23.5,10.1
4,Lamar Jackson,BAL,QB,148.5,939.2,5.5,0.0,0,0.0,3.0,481.8,305.9,"3,489.1",25.5,11.6
5,Joe Burrow,CIN,QB,65.0,273.1,3.9,0.0,0,0.0,2.3,598.1,406.7,"4,632.1",33.1,13.1
6,Justin Fields,CHI,QB,154.6,"1,043.6",6.9,0.0,0,0.0,3.3,419.0,259.5,"2,993.5",21.1,12.7
7,Justin Herbert,LAC,QB,57.1,220.1,2.0,0.0,0,0.0,2.0,627.1,422.2,"4,598.2",30.1,12.6
8,Deshaun Watson,CLE,QB,98.6,493.2,4.1,0.0,0,0.0,1.8,504.7,324.6,"3,853.6",24.6,11.0
9,Dak Prescott,DAL,QB,58.9,249.6,2.4,0.0,0,0.0,3.1,553.4,365.3,"4,134.2",29.3,13.6
10,Kirk Cousins,MIN,QB,31.6,92.0,1.5,0.0,0,0.0,2.8,593.8,395.8,"4,452.2",30.6,12.3
11,Trevor Lawrence,JAC,QB,62.3,285.2,3.9,0.0,0,0.0,5.2,578.6,378.6,"4,088.7",26.9,12.1
12,Daniel Jones,NYG,QB,109.7,638.6,4.9,0.0,0,0.0,4.1,519.6,338.2,"3,512.6",21.1,10.0
13,Geno Smith,SEA,QB,61.8,322.7,2.0,0.0,0,0.0,3.5,545.1,371.2,"4,055.4",27.1,11.3
14,Aaron Rodgers,NYJ,QB,36.5,125.2,1.6,0.0,0,0.0,2.6,559.2,362.1,"4,062.0",28.1,8.6
15,Russell Wilson,DEN,QB,63.8,320.6,2.7,0.0,0,0.0,2.1,513.2,323.6,"3,806.6",24.2,10.9
16,Tua Tagovailoa,MIA,QB,43.1,133.3,1.7,0.0,0,0.0,1.8,536.3,351.8,"4,128.1",27.4,12.3
17,Jared Goff,DET,QB,32.0,83.3,1.1,0.0,0,0.0,3.6,571.7,376.0,"4,254.5",28.1,11.0
18,Anthony Richardson,IND,QB,142.2,630.7,4.4,0.0,0,0.0,2.3,488.5,302.3,"3,214.2",18.3,13.1
19,Derek Carr,NO,QB,34.6,116.7,1.0,0.0,0,0.0,2.6,512.8,337.8,"3,972.7",24.1,11.7
20,Kenny Pickett,PIT,QB,67.1,436.6,3.6,0.0,0,0.0,1.5,499.1,316.3,"3,312.3",17.6,12.2
21,Jordan Love,GB,QB,44.0,170.3,1.5,0.0,0,0.0,2.6,545.2,345.7,"3,831.0",23.3,14.5
22,Brock Purdy,SF,QB,38.0,124.9,2.1,0.0,0,0.0,1.4,441.6,288.5,"3,479.4",24.5,10.2
23,Matthew Stafford,LAR,QB,30.4,71.2,0.8,0.0,0,0.0,2.8,524.8,348.1,"3,968.1",24.0,13.0
24,Bryce Young,CAR,QB,51.4,203.6,1.6,0.0,0,0.0,2.3,521.3,326.5,"3,620.5",20.2,12.9
25,Jimmy Garoppolo,LV,QB,30.6,67.0,1.6,0.0,0,0.0,2.3,493.7,327.1,"3,639.4",22.5,12.2
26,Mac Jones,NE,QB,52.5,153.8,1.2,0.0,0,0.0,2.2,517.4,342.0,"3,650.0",20.9,13.5
27,C.J. Stroud,HOU,QB,51.0,183.9,1.5,0.0,0,0.0,2.5,522.5,328.3,"3,483.2",20.0,14.2
28,Sam Howell,WAS,QB,56.5,235.9,1.9,0.0,0,0.0,2.4,519.0,324.2,"3,321.6",18.7,12.9
29,Ryan Tannehill,TEN,QB,41.9,166.3,2.4,0.0,0,0.0,2.4,450.6,293.3,"3,264.2",19.2,11.0
30,Kyler Murray,ARI,QB,74.9,411.2,2.7,0.0,0,0.0,2.3,406.5,267.0,"2,742.3",13.3,9.5
31,Baker Mayfield,TB,QB,36.6,129.6,1.3,0.0,0,0.0,2.4,489.1,301.6,"3,188.1",17.5,11.8
32,Desmond Ridder,ATL,QB,39.8,172.5,1.5,0.0,0,0.0,3.1,448.7,277.5,"3,004.6",17.5,10.5
33,Joshua Dobbs,ARI,QB,20.1,120.0,0.8,0.0,0,0.0,1.5,162.9,99.7,"1,380.3",6.4,7.3
34,Kyle Trask,TB,QB,16.6,47.2,0.2,0.0,0,0.0,1.1,178.1,107.4,"1,131.4",4.9,5.8
35,Jacoby Brissett,WAS,QB,19.4,77.7,0.6,0.0,0,0.0,1.3,146.6,82.8,985.6,4.1,3.3
36,Will Levis,TEN,QB,16.5,55.7,0.3,0.0,0,0.0,0.8,116.6,71.5,873.3,3.4,4.1
37,Brian Hoyer,LV,QB,10.6,32.9,0.2,0.0,0,0.0,0.8,100.0,60.7,751.8,4.0,4.2
38,Taylor Heinicke,ATL,QB,18.1,51.0,0.2,0.0,0,0.0,1.2,99.0,60.6,704.6,3.8,3.9
39,Sam Darnold,SF,QB,17.3,49.7,0.4,0.0,0,0.0,1.4,126.0,74.7,703.6,2.9,4.2
40,Gardner Minshew II,IND,QB,12.2,41.9,0.2,0.0,0,0.0,1.2,75.5,47.4,672.1,2.7,2.3
41,Bailey Zappe,NE,QB,15.9,23.2,0.1,0.0,0,0.0,1.0,120.6,71.4,655.1,2.5,4.7
42,Mike White,MIA,QB,12.8,20.6,0.1,0.0,0,0.0,0.6,91.8,55.0,593.9,2.6,3.7
43,Stetson Bennett,LAR,QB,8.8,23.2,0.2,0.0,0,0.0,0.6,69.0,42.7,512.0,1.7,2.6
44,Davis Mills,HOU,QB,14.8,32.2,0.2,0.0,0,0.0,0.6,87.0,51.0,525.4,1.6,4.0
45,Clayton Tune,ARI,QB,10.8,25.8,0.2,0.0,0,0.0,0.7,92.2,56.2,520.7,1.4,2.7
46,Tyrod Taylor,NYG,QB,13.9,58.6,0.2,0.0,0,0.0,0.3,43.5,28.1,293.9,2.0,1.4
47,Marcus Mariota,PHI,QB,15.1,47.9,0.3,0.0,0,0.0,0.4,53.2,33.4,321.3,1.6,1.2
48,Andy Dalton,CAR,QB,7.5,15.8,0.1,0.0,0,0.0,0.4,65.1,40.4,407.0,1.9,2.4
49,Mitch Trubisky,PIT,QB,8.3,25.1,0.2,0.0,0,0.0,0.2,58.2,38.2,359.3,1.6,1.7
50,Sean Clifford,GB,QB,9.2,20.8,0.2,0.0,0,0.0,0.6,59.2,36.7,403.2,1.6,2.4
51,Tyler Huntley,BAL,QB,19.7,57.5,0.2,0.0,0,0.0,0.5,52.6,32.9,302.6,1.3,1.3
52,Jarrett Stidham,DEN,QB,5.3,10.8,0.1,0.0,0,0.0,0.4,60.3,34.1,351.5,2.0,2.1
53,Blaine Gabbert,KC,QB,11.1,21.2,0.1,0.0,0,0.0,0.5,56.0,32.9,353.6,1.7,2.6
54,Teddy Bridgewater,DET,QB,5.1,14.7,0.1,0.0,0,0.0,0.2,60.7,33.3,355.2,1.2,1.6
55,Zach Wilson,NYJ,QB,5.4,13.4,0.2,0.0,0,0.0,0.5,94.1,52.6,482.3,0.9,5.2
56,Nick Mullens,MIN,QB,4.7,8.6,0.1,0.0,0,0.0,0.7,43.3,32.5,327.6,1.9,2.1
57,Jameis Winston,NO,QB,4.0,9.8,0.2,0.0,0,0.0,0.2,35.5,23.9,299.0,1.5,1.3
58,Trey Lance,DAL,QB,14.8,36.3,0.1,0.0,0,0.0,0.5,71.2,43.0,367.9,0.6,2.3
59,C.J. Beathard,JAC,QB,11.6,20.1,0.1,0.0,0,0.0,0.6,56.6,33.0,341.5,1.5,2.9
60,Drew Lock,SEA,QB,5.5,16.1,0.1,0.0,0,0.0,0.5,50.8,27.8,318.1,1.6,2.7
61,Easton Stick,LAC,QB,15.0,20.4,0.2,0.0,0,0.0,0.7,54.1,31.8,311.9,1.6,3.5
62,Brett Rypien,LAR,QB,33.4,31.9,0.1,0.0,0,0.0,0.9,0.0,0.0,290.1,2.2,5.4
63,Dorian Thompson-Robinson,CLE,QB,8.1,24.2,0.1,0.0,0,0.0,0.6,49.2,29.9,306.0,1.1,1.8
64,Cooper Rush,DAL,QB,2.9,6.6,0.1,0.0,0,0.0,0.2,36.2,22.7,273.5,1.5,1.2
65,Tyson Bagent,CHI,QB,8.5,23.1,0.2,0.0,0,0.0,0.6,40.6,24.8,260.9,1.3,2.4
66,Matt Corral,NE,QB,7.6,20.1,0.2,0.0,0,0.0,0.5,32.5,19.9,267.9,1.0,2.1
67,Malik Willis,TEN,QB,16.6,22.7,0.1,0.0,0,0.0,0.7,79.1,45.5,368.6,0.6,3.6
68,Aidan O'Connell,LV,QB,11.9,18.9,0.1,0.0,0,0.0,0.6,74.2,44.1,330.3,0.5,2.5
69,Kyle Allen,BUF,QB,7.9,15.7,0.1,0.0,0,0.0,1.3,53.5,33.2,310.6,1.1,3.1
70,Hendon Hooker,DET,QB,19.4,39.5,0.2,0.0,0,0.0,1.5,76.7,44.9,411.6,0.0,5.1
71,Logan Woodside,ATL,QB,0.0,1.6,0.3,0.0,0,0.0,0.2,0.0,0.0,185.0,0.6,1.1
72,Jake Browning,CIN,QB,8.7,20.8,0.1,0.0,0,0.0,0.5,24.1,15.2,153.8,1.0,1.9
73,Case Keenum,HOU,QB,10.0,0.7,0.0,0.0,0,0.0,0.8,119.6,59.1,274.4,0.4,1.5
74,Brandon Allen,SF,QB,16.4,7.6,0.0,0.0,0,0.0,0.6,0.0,0.0,0.0,3.4,3.4
75,Skylar Thompson,MIA,QB,25.7,19.6,0.0,0.0,0,0.0,0.9,82.2,46.6,221.4,0.7,4.0
76,PJ Walker,CLE,QB,19.6,24.1,0.0,0.0,0,0.0,0.5,64.1,27.1,203.0,0.6,5.5
77,Tanner McKee,PHI,QB,10.0,14.6,0.1,0.0,0,0.0,0.4,24.8,14.7,119.3,0.4,1.7
78,David Blough,DET,QB,33.4,24.8,0.0,0.0,0,0.0,0.8,0.0,0.0,72.5,1.1,4.1
79,Mason Rudolph,PIT,QB,17.7,11.2,0.0,0.0,0,0.0,0.0,0.0,0.0,7.9,0.6,0.2
80,Jaren Hall,MIN,QB,11.8,16.2,0.1,0.0,0,0.0,0.4,10.0,6.5,59.6,0.4,1.6
81,Jake Haener,NO,QB,11.8,16.1,0.1,0.0,0,0.0,0.4,7.5,5.0,56.8,0.4,1.6
82,Nathan Peterman,CHI,QB,0.0,0.8,0.2,0.0,0,0.0,0.1,0.0,0.0,23.9,0.4,1.6
83,John Wolford,TB,QB,33.4,48.6,0.0,0.0,0,0.0,1.5,0.0,0.0,0.0,1.7,6.9
84,Feleipe Franks,ATL,QB,33.4,48.6,0.0,0.0,0,0.0,1.5,0.0,0.0,0.0,1.7,6.9
85,Sam Ehlinger,IND,QB,33.4,24.3,0.0,0.0,0,0.0,0.8,0.0,0.0,15.7,0.9,3.6
86,Nate Sudfeld,DET,QB,0.0,1.7,0.0,0.0,0,0.0,0.0,0.0,0.0,26.3,0.1,0.1
87,Jeff Driskel,ARI,QB,0.0,0.0,0.0,0.0,0,0.0,0.0,0.0,0.0,0.0,0.4,2.9
88,Malik Cunningham,NE,QB,22.5,44.2,0.2,0.0,0,0.0,1.3,0.0,0.0,0.0,0.0,4.5
89,0,0,QB,0.0,0,0.0,0.0,0,0.0,0.0,0.0,0.0,0,0.0,0.0
90,0,0,QB,0.0,0,0.0,0.0,0,0.0,0.0,0.0,0.0,0,0.0,0.0
1,Travis Kelce,KC,TE,0.0,0,0.0,105.2,"1,236.1",9.9,0.6,0.0,0.0,0,0.0,0.0
2,Mark Andrews,BAL,TE,0.0,0,0.0,74.8,891.1,6.5,0.2,0.0,0.0,0,0.0,0.0
3,T.J. Hockenson,MIN,TE,0.0,0,0.0,80.9,840.3,5.8,0.5,0.0,0.0,0,0.0,0.0
4,George Kittle,SF,TE,0.0,0,0.0,61.3,787.0,5.9,0.5,0.0,0.0,0,0.0,0.0
5,Darren Waller,NYG,TE,0.0,0,0.0,67.0,823.6,5.1,0.3,0.0,0.0,0,0.0,0.0
6,Kyle Pitts,ATL,TE,0.0,0,0.0,59.1,780.5,3.9,0.1,0.0,0.0,0,0.0,0.0
7,Dallas Goedert,PHI,TE,0.0,0,0.0,63.5,741.6,4.2,0.6,0.0,0.0,0,0.0,0.0
8,Pat Freiermuth,PIT,TE,0.0,0,0.0,60.3,640.0,4.1,0.2,0.0,0.0,0,0.0,0.0
9,Evan Engram,JAC,TE,0.0,0,0.0,62.6,653.8,3.6,0.2,0.0,0.0,0,0.0,0.0
10,David Njoku,CLE,TE,0.0,0,0.0,52.6,577.2,4.3,0.4,0.0,0.0,0,0.0,0.0
11,Chigoziem Okonkwo,TEN,TE,0.0,0,0.0,47.1,573.1,3.7,0.1,0.0,0.0,0,0.0,0.0
12,Dalton Schultz,HOU,TE,0.0,0,0.0,56.0,569.9,4.2,0.5,0.0,0.0,0,0.0,0.0
13,Greg Dulcich,DEN,TE,0.0,0,0.0,46.9,574.8,3.4,0.1,0.0,0.0,0,0.0,0.0
14,Cole Kmet,CHI,TE,0.0,0,0.0,47.6,518.2,4.2,0.2,0.0,0.0,0,0.0,0.0
15,Tyler Higbee,LAR,TE,0.0,0,0.0,60.6,569.4,3.3,0.1,0.0,0.0,0,0.0,0.0
16,Dalton Kincaid,BUF,TE,0.0,0,0.0,44.3,510.0,4.3,0.4,0.0,0.0,0,0.0,0.0
17,Gerald Everett,LAC,TE,0.0,0,0.0,50.7,526.3,3.7,0.3,0.0,0.0,0,0.0,0.0
18,Juwan Johnson,NO,TE,0.0,0,0.0,41.1,489.0,4.3,0.1,0.0,0.0,0,0.0,0.0
19,Sam LaPorta,DET,TE,0.0,0,0.0,44.0,483.9,3.8,0.6,0.0,0.0,0,0.0,0.0
20,Hunter Henry,NE,TE,0.0,0,0.0,42.6,500.6,2.9,0.1,0.0,0.0,0,0.0,0.0
21,Irv Smith Jr.,CIN,TE,0.0,0,0.0,42.9,409.9,4.1,0.1,0.0,0.0,0,0.0,0.0
22,Noah Fant,SEA,TE,0.0,0,0.0,45.2,467.5,3.0,0.1,0.0,0.0,0,0.0,0.0
23,Dawson Knox,BUF,TE,0.0,0,0.0,36.8,409.0,3.6,0.2,0.0,0.0,0,0.0,0.0
24,Cade Otton,TB,TE,0.0,0,0.0,45.1,465.1,2.5,0.1,0.0,0.0,0,0.0,0.0
25,Hayden Hurst,CAR,TE,0.0,0,0.0,46.4,441.3,2.8,0.5,0.0,0.0,0,0.0,0.0
26,Mike Gesicki,NE,TE,0.0,0,0.0,36.4,416.0,2.9,0.1,0.0,0.0,0,0.0,0.0
27,Jake Ferguson,DAL,TE,0.0,0,0.0,38.4,392.0,3.2,0.1,0.0,0.0,0,0.0,0.0
28,Tyler Conklin,NYJ,TE,0.0,0,0.0,45.6,431.4,2.4,0.1,0.0,0.0,0,0.0,0.0
29,Zach Ertz,ARI,TE,0.0,0,0.0,42.7,425.0,2.5,0.1,0.0,0.0,0,0.0,0.0
30,Taysom Hill,NO,TE,0.0,0,0.0,13.1,182.0,1.7,1.1,0.0,0.0,0,0.0,0.0
31,Luke Musgrave,GB,TE,0.0,0,0.0,36.0,385.8,2.6,0.4,0.0,0.0,0,0.0,0.0
32,Michael Mayer,LV,TE,0.0,0,0.0,35.2,383.7,2.5,0.4,0.0,0.0,0,0.0,0.0
33,Logan Thomas,WAS,TE,0.0,0,0.0,42.6,403.3,2.1,0.1,0.0,0.0,0,0.0,0.0
34,Trey McBride,ARI,TE,0.0,0,0.0,35.5,382.1,2.1,0.1,0.0,0.0,0,0.0,0.0
35,Jelani Woods,IND,TE,0.0,0,0.0,26.0,327.3,1.8,0.0,0.0,0.0,0,0.0,0.0
36,Isaiah Likely,BAL,TE,0.0,0,0.0,24.3,297.9,2.2,0.0,0.0,0.0,0,0.0,0.0
37,Austin Hooper,LV,TE,0.0,0,0.0,30.9,312.9,1.8,0.0,0.0,0.0,0,0.0,0.0
38,Durham Smythe,MIA,TE,0.0,0,0.0,25.8,237.4,1.5,0.0,0.0,0.0,0,0.0,0.0
39,Luke Schoonmaker,DAL,TE,0.0,0,0.0,21.0,234.9,1.5,0.3,0.0,0.0,0,0.0,0.0
40,Noah Gray,KC,TE,0.0,0,0.0,21.1,221.0,1.5,0.0,0.0,0.0,0,0.0,0.0
41,Donald Parham Jr.,LAC,TE,0.0,0,0.0,19.1,207.9,1.7,0.0,0.0,0.0,0,0.0,0.0
42,Adam Trautman,DEN,TE,0.0,0,0.0,21.6,229.9,1.3,0.2,0.0,0.0,0,0.0,0.0
43,Kylen Granson,IND,TE,0.0,0,0.0,22.7,233.5,1.1,0.0,0.0,0.0,0,0.0,0.0
44,Brock Wright,DET,TE,0.0,0,0.0,17.2,181.4,1.9,0.0,0.0,0.0,0,0.0,0.0
45,Foster Moreau,NO,TE,0.0,0,0.0,17.7,229.6,1.2,0.3,0.0,0.0,0,0.0,0.0
46,Will Dissly,SEA,TE,0.0,0,0.0,21.3,215.5,1.2,0.1,0.0,0.0,0,0.0,0.0
47,Robert Tonyan,CHI,TE,0.0,0,0.0,18.6,200.3,1.4,0.0,0.0,0.0,0,0.0,0.0
48,C.J. Uzomah,NYJ,TE,0.0,0,0.0,19.4,198.1,1.5,0.0,0.0,0.0,0,0.0,0.0
49,Jonnu Smith,ATL,TE,0.0,0,0.0,18.9,207.2,1.2,0.0,0.0,0.0,0,0.0,0.0
50,Mo Alie-Cox,IND,TE,0.0,0,0.0,16.6,195.9,1.5,0.4,0.0,0.0,0,0.0,0.0
51,Brenton Strange,JAC,TE,0.0,0,0.0,20.4,189.0,1.3,0.3,0.0,0.0,0,0.0,0.0
52,Jordan Akins,CLE,TE,0.0,0,0.0,15.8,193.0,1.1,0.1,0.0,0.0,0,0.0,0.0
53,Harrison Bryant,CLE,TE,0.0,0,0.0,18.0,181.7,1.1,0.2,0.0,0.0,0,0.0,0.0
54,Josiah Deguara,GB,TE,0.0,0,0.0,18.8,174.4,1.0,0.0,0.0,0.0,0,0.0,0.0
55,Colby Parkinson,SEA,TE,0.0,0,0.0,15.0,175.0,0.9,0.0,0.0,0.0,0,0.0,0.0
56,Josh Oliver,MIN,TE,0.0,0,0.0,15.7,159.6,1.2,0.0,0.0,0.0,0,0.0,0.0
57,Tommy Tremble,CAR,TE,0.0,0,0.0,15.5,148.1,1.4,0.4,0.0,0.0,0,0.0,0.0
58,Tucker Kraft,GB,TE,0.0,0,0.0,15.2,168.8,1.1,0.3,0.0,0.0,0,0.0,0.0
59,Darnell Washington,PIT,TE,0.0,0,0.0,15.1,180.6,0.8,0.3,0.0,0.0,0,0.0,0.0
60,Teagan Quitoriano,HOU,TE,0.0,0,0.0,13.5,157.0,1.1,0.1,0.0,0.0,0,0.0,0.0
61,Ian Thomas,CAR,TE,0.0,0,0.0,17.2,163.3,0.8,0.0,0.0,0.0,0,0.0,0.0
62,Jimmy Graham,NO,TE,0.0,0,0.0,12.6,145.2,1.0,0.0,0.0,0.0,0,0.0,0.0
63,Lawrence Cager,NYG,TE,0.0,0,0.0,11.6,136.8,1.1,0.0,0.0,0.0,0,0.0,0.0
64,Daniel Bellinger,NYG,TE,0.0,0,0.0,13.7,159.5,0.8,0.3,0.0,0.0,0,0.0,0.0
65,Brevin Jordan,HOU,TE,0.0,0,0.0,13.0,156.1,0.7,0.0,0.0,0.0,0,0.0,0.0
66,Blake Bell,KC,TE,0.0,0,0.0,11.3,109.3,0.9,0.0,0.0,0.0,0,0.0,0.0
67,Peyton Hendershot,DAL,TE,0.0,0,0.0,9.3,116.9,1.0,0.0,0.0,0.0,0,0.0,0.0
68,Connor Heyward,PIT,TE,0.0,0,0.0,10.5,118.6,0.8,0.1,0.0,0.0,0,0.0,0.0
69,Josh Whyle,TEN,TE,0.0,0,0.0,11.8,123.2,0.8,0.0,0.0,0.0,0,0.0,0.0
70,Ko Kieft,TB,TE,0.0,0,0.0,11.5,121.4,0.8,0.1,0.0,0.0,0,0.0,0.0
71,Albert Okwuegbunam,PHI,TE,0.0,0,0.0,9.6,124.7,0.8,0.1,0.0,0.0,0,0.0,0.0
72,Elijah Higgins,ARI,TE,0.0,0,0.0,12.0,129.0,0.7,0.1,0.0,0.0,0,0.0,0.0
73,Hunter Long,LAR,TE,0.0,0,0.0,10.3,125.4,0.7,0.1,0.0,0.0,0,0.0,0.0
74,Ben Sims,GB,TE,0.0,0,0.0,11.0,106.0,1.0,0.0,0.0,0.0,0,0.0,0.0
75,Charlie Kolar,BAL,TE,0.0,0,0.0,9.9,116.0,0.7,0.0,0.0,0.0,0,0.0,0.0
76,Brycen Hopkins,LAR,TE,0.0,0,0.0,10.2,126.0,0.5,0.0,0.0,0.0,0,0.0,0.0
77,John Bates,WAS,TE,0.0,0,0.0,11.9,119.0,0.6,0.0,0.0,0.0,0,0.0,0.0
78,Trevon Wesco,TEN,TE,0.0,0,0.0,9.7,111.2,0.7,0.1,0.0,0.0,0,0.0,0.0
79,James Mitchell,DET,TE,0.0,0,0.0,8.8,108.4,0.7,0.0,0.0,0.0,0,0.0,0.0
80,Tre' McKitty,LAC,TE,0.0,0,0.0,10.7,108.3,0.7,0.0,0.0,0.0,0,0.0,0.0
81,Geoff Swaim,ARI,TE,0.0,0,0.0,13.2,101.2,0.8,0.0,0.0,0.0,0,0.0,0.0
82,Payne Durham,TB,TE,0.0,0,0.0,11.1,108.4,0.6,0.3,0.0,0.0,0,0.0,0.0
83,Ross Dwelley,SF,TE,0.0,0,0.0,5.9,95.9,0.7,0.0,0.0,0.0,0,0.0,0.0
84,Will Mallory,IND,TE,0.0,0,0.0,8.7,96.0,0.7,0.0,0.0,0.0,0,0.0,0.0
85,Stephen Sullivan,CAR,TE,0.0,0,0.0,8.7,100.8,0.6,0.1,0.0,0.0,0,0.0,0.0
86,Davis Allen,LAR,TE,0.0,0,0.0,17.3,107.2,0.6,0.4,0.0,0.0,0,0.0,0.0
87,Eric Saubert,MIA,TE,0.0,0,0.0,12.5,98.2,0.6,0.0,0.0,0.0,0,0.0,0.0
88,Tyler Kroft,MIA,TE,0.0,0,0.0,9.3,82.9,0.8,0.0,0.0,0.0,0,0.0,0.0
89,Marcedes Lewis,CHI,TE,0.0,0,0.0,6.6,72.5,1.0,0.1,0.0,0.0,0,0.0,0.0
90,Jeremy Ruckert,NYJ,TE,0.0,0,0.0,6.9,94.0,0.6,0.0,0.0,0.0,0,0.0,0.0
91,Jack Stoll,PHI,TE,0.0,0,0.0,9.4,99.9,0.4,0.0,0.0,0.0,0,0.0,0.0
92,Drew Sample,CIN,TE,0.0,0,0.0,9.8,89.4,0.6,0.1,0.0,0.0,0,0.0,0.0
93,Cole Turner,WAS,TE,0.0,0,0.0,4.8,98.4,0.4,0.1,0.0,0.0,0,0.0,0.0
94,Zack Kuntz,NYJ,TE,0.0,0,0.0,0.0,102.8,0.3,0.1,0.0,0.0,0,0.0,0.0
95,Julian Hill,MIA,TE,0.0,0,0.0,0.0,102.8,0.3,0.1,0.0,0.0,0,0.0,0.0
96,Mitchell Wilcox,CIN,TE,0.0,0,0.0,8.3,97.8,0.3,0.0,0.0,0.0,0,0.0,0.0
97,Tanner Hudson,CIN,TE,0.0,0,0.0,11.8,84.4,0.5,0.0,0.0,0.0,0,0.0,0.0
98,Quintin Morris,BUF,TE,0.0,0,0.0,7.3,85.0,0.6,0.4,0.0,0.0,0,0.0,0.0
99,Stone Smartt,LAC,TE,0.0,0,0.0,9.1,74.5,0.6,0.0,0.0,0.0,0,0.0,0.0
100,Johnny Mundt,MIN,TE,0.0,0,0.0,7.7,78.6,0.5,0.0,0.0,0.0,0,0.0,0.0
101,Jody Fortson,KC,TE,0.0,0,0.0,6.1,92.1,0.4,0.5,0.0,0.0,0,0.0,0.0
102,Chris Manhertz,DEN,TE,0.0,0,0.0,6.7,77.5,0.5,0.0,0.0,0.0,0,0.0,0.0
103,Reggie Gilliam,BUF,TE,0.0,0,0.0,8.3,64.8,0.6,0.0,0.0,0.0,0,0.0,0.0
104,Andrew Beck,HOU,TE,0.0,0,0.0,8.9,77.0,0.2,0.0,0.0,0.0,0,0.0,0.0
105,Luke Farrell,JAC,TE,0.0,0,0.0,6.5,78.5,0.4,0.0,0.0,0.0,0,0.0,0.0
106,Giovanni Ricci,CAR,TE,0.0,0,0.0,6.4,88.7,0.2,0.0,0.0,0.0,0,0.0,0.0
107,Jesper Horsted,LV,TE,0.0,0,0.0,5.9,67.1,0.5,0.0,0.0,0.0,0,0.0,0.0
108,Kenny Yeboah,NYJ,TE,0.0,0,0.0,0.0,79.8,0.3,0.1,0.0,0.0,0,0.0,0.0
109,John FitzPatrick,ATL,TE,0.0,0,0.0,6.6,53.3,0.6,0.0,0.0,0.0,0,0.0,0.0
110,Nate Adkins,DEN,TE,0.0,0,0.0,0.0,68.2,0.3,0.0,0.0,0.0,0,0.0,0.0
111,Grant Calcaterra,PHI,TE,0.0,0,0.0,3.2,69.3,0.3,0.1,0.0,0.0,0,0.0,0.0
112,Kaden Smith,WAS,TE,0.0,0,0.0,6.3,57.8,0.5,0.0,0.0,0.0,0,0.0,0.0
113,MyCole Pruitt,ATL,TE,0.0,0,0.0,3.2,55.1,0.5,0.0,0.0,0.0,0,0.0,0.0
114,David Wells,TB,TE,0.0,0,0.0,3.3,56.4,0.4,0.1,0.0,0.0,0,0.0,0.0
115,Charlie Woerner,SF,TE,0.0,0,0.0,5.4,59.2,0.4,0.1,0.0,0.0,0,0.0,0.0
116,Curtis Hodges,WAS,TE,0.0,0,0.0,6.3,48.2,0.5,0.0,0.0,0.0,0,0.0,0.0
117,Cameron Latu,SF,TE,0.0,0,0.0,4.2,62.8,0.3,0.1,0.0,0.0,0,0.0,0.0
118,Brayden Willis,SF,TE,0.0,0,0.0,5.4,50.5,0.5,0.0,0.0,0.0,0,0.0,0.0
119,Armani Rogers,WAS,TE,0.0,0,0.0,7.3,51.5,0.4,0.0,0.0,0.0,0,0.0,0.0
120,Matt Sokol,NE,TE,0.0,0,0.0,4.5,46.9,0.4,0.0,0.0,0.0,0,0.0,0.0
121,Andrew Ogletree,IND,TE,0.0,0,0.0,5.2,42.6,0.4,0.0,0.0,0.0,0,0.0,0.0
122,Tyler Davis,GB,TE,0.0,0,0.0,4.3,42.7,0.4,0.0,0.0,0.0,0,0.0,0.0
123,Nick Vannett,LAC,TE,0.0,0,0.0,2.3,42.0,0.4,0.0,0.0,0.0,0,0.0,0.0
124,Shane Zylstra,DET,TE,0.0,0,0.0,3.9,43.6,0.3,0.0,0.0,0.0,0,0.0,0.0
125,Tommy Sweeney,NYG,TE,0.0,0,0.0,3.7,28.8,0.3,0.0,0.0,0.0,0,0.0,0.0
126,Nick Muse,MIN,TE,0.0,0,0.0,0.0,24.2,0.3,0.0,0.0,0.0,0,0.0,0.0
127,Blake Whiteheart,ARI,TE,0.0,0,0.0,0.0,24.2,0.3,0.0,0.0,0.0,0,0.0,0.0
128,Tanner Taula,TB,TE,0.0,0,0.0,0.0,24.2,0.3,0.0,0.0,0.0,0,0.0,0.0
129,Feleipe Franks,ATL,TE,0.0,0,0.0,3.1,28.9,0.2,0.0,0.0,0.0,0,0.0,0.0
130,Parker Hesse,ATL,TE,0.0,0,0.0,2.9,27.8,0.2,0.0,0.0,0.0,0,0.0,0.0
131,Sean McKeon,DAL,TE,0.0,0,0.0,1.1,18.6,0.3,0.0,0.0,0.0,0,0.0,0.0
132,Kevin Rader,TEN,TE,0.0,0,0.0,0.8,16.2,0.3,0.0,0.0,0.0,0,0.0,0.0
133,Tyree Jackson,NYG,TE,0.0,0,0.0,1.2,15.9,0.2,0.0,0.0,0.0,0,0.0,0.0
134,Pharaoh Brown,NE,TE,0.0,0,0.0,0.0,32.5,0.0,0.1,0.0,0.0,0,0.0,0.0
135,Tyler Mabry,SEA,TE,0.0,0,0.0,0.8,7.8,0.1,0.0,0.0,0.0,0,0.0,0.0
136,Ben Mason,BAL,TE,0.0,0,0.0,0.3,2.0,0.0,0.0,0.0,0.0,0,0.0,0.0
137,0,0,TE,0.0,0,0.0,0.0,0,0.0,0.0,0.0,0.0,0,0.0,0.0
138,0,0,TE,0.0,0,0.0,0.0,0,0.0,0.0,0.0,0.0,0,0.0,0.0
